{
  "shoulder_pan.pos": -1.054945054945055,
  "shoulder_lift.pos": -51.604395604395606,
  "elbow_flex.pos": 35.252747252747255,
  "wrist_flex.pos": 86.10989010989012,
  "wrist_roll.pos": -94.63736263736264,
  "gripper.pos": 13.797814207650273
}
