{
  "shoulder_pan.pos": -1.054945054945055,
  "shoulder_lift.pos": -101.01098901098901,
  "elbow_flex.pos": 95.38461538461539,
  "wrist_flex.pos": 70.54945054945055,
  "wrist_roll.pos": -94.54945054945055,
  "gripper.pos": 13.524590163934427
}
